ID_Cliente,Idade,Genero,Meses_Como_Cliente,Fatura_Mensal,Plano,Num_Chamados_Suporte,Atraso_Pagamento,Churn
1,-5.0,Outro,13,128.91,Básico,5,1,0
2,69.0,Outro,52,157.07,Premium_Plus,0,0,0
3,46.0,Outro,26,167.9,Básico,4,0,0
4,32.0,M,22,141.5,Premium,7,0,0
5,60.0,Outro,39,51.68,Premium,2,0,0
6,25.0,M,2,87.41,Básico,5,0,0
7,38.0,F,38,187.67,Padrão,4,0,0
8,56.0,Outro,39,68.08,Básico,5,1,1
9,36.0,M,26,93.17,Básico,9,1,0
10,40.0,M,46,103.35,Padrão,0,1,1
11,28.0,Outro,58,104.6,Premium,6,1,1
12,28.0,F,50,134.1,Premium,8,0,0
13,41.0,F,15,190.22,Padrão,1,0,0
14,,F,34,70.82,Básico,9,1,0
15,57.0,M,42,50.56,Padrão,4,1,0
16,41.0,M,55,63.47,Básico,9,0,0
17,20.0,M,44,180.68,Padrão,3,0,1
18,39.0,M,49,139.69,Básico,5,0,0
19,19.0,F,40,78.5,Padrão,5,0,0
20,41.0,Outro,11,168.61,Básico,1,0,1
21,61.0,M,3,176.33,Básico,1,0,0
22,47.0,M,59,173.81,Premium,3,0,1
23,55.0,F,6,186.12,Básico,0,0,0
24,19.0,Outro,9,72.78,Padrão,8,1,1
25,38.0,Outro,6,158.26,Básico,6,0,1
26,50.0,F,9,108.19,Básico,6,0,1
27,29.0,F,39,173.04,Básico,2,0,0
28,39.0,Outro,31,153.74,Básico,2,1,0
29,61.0,M,32,161.9,Premium,0,0,0
30,42.0,Outro,41,141.45,Básico,2,1,0
31,66.0,F,50,60.06,Premium,2,0,0
32,44.0,M,12,122.55,Padrão,3,1,0
33,59.0,M,8,197.29,Padrão,3,1,0
34,45.0,F,8,189.26,Padrão,2,0,0
35,33.0,F,50,37.24,Padrão,9,0,0
36,32.0,F,28,57.92,Padrão,7,0,0
37,64.0,Outro,20,52.29,Básico,7,0,0
38,68.0,Outro,47,153.32,Básico,0,0,0
39,61.0,M,59,168.92,Premium,6,0,0
40,69.0,F,7,66.2,Premium,1,0,0
41,20.0,M,11,115.89,Premium,0,0,0
42,54.0,M,20,172.82,Padrão,2,0,1
43,68.0,M,16,154.48,Padrão,3,0,0
44,24.0,M,4,122.08,Padrão,5,0,0
45,,F,6,130.26,Padrão,9,0,1
46,26.0,M,58,116.32,Básico,4,0,0
47,56.0,F,22,80.48,Padrão,3,0,0
48,35.0,F,26,125.95,Básico,7,1,1
49,21.0,Outro,3,147.01,Básico,3,0,0
50,42.0,F,41,,Premium,9,0,1
51,31.0,Outro,42,138.07,Básico,1,0,0
52,67.0,F,14,159.29,Básico,2,1,1
53,26.0,F,11,57.11,Básico,5,1,0
54,43.0,F,18,108.36,Premium,7,1,1
55,19.0,Outro,54,31.49,Padrão,7,0,0
56,37.0,Outro,12,71.84,Padrão,8,0,0
57,45.0,M,23,153.4,Premium,6,0,0
58,64.0,Outro,12,198.51,Premium,1,0,0
59,24.0,Outro,13,46.76,Básico,7,1,1
60,61.0,Outro,25,98.15,Padrão,6,0,0
61,,Outro,45,165.91,Padrão,7,1,1
62,64.0,M,51,64.59,Padrão,2,0,0
63,52.0,Outro,58,124.26,Básico,6,1,1
64,31.0,F,19,154.52,Premium,9,0,1
65,34.0,F,55,134.62,Padrão,8,0,1
66,53.0,Outro,46,61.86,Básico,2,0,0
67,67.0,Outro,36,90.32,Padrão,9,0,0
68,57.0,F,45,163.14,Básico,5,0,0
69,21.0,F,8,124.12,Básico,1,1,0
70,19.0,M,29,30.79,Padrão,1,0,0
71,23.0,F,55,159.27,Básico,4,0,0
72,59.0,F,53,35.9,Padrão,4,0,0
73,21.0,Outro,55,156.67,Padrão,6,0,1
74,46.0,F,32,64.32,Básico,1,1,0
75,35.0,M,51,192.77,Premium,6,1,1
76,43.0,F,44,92.45,Básico,4,1,0
77,61.0,Outro,18,85.48,Básico,5,1,0
78,51.0,Outro,6,55.21,Básico,7,1,1
79,27.0,F,18,81.85,Básico,9,0,1
80,53.0,Outro,19,178.93,Básico,3,1,1
81,31.0,M,22,199.28,Padrão,6,0,1
82,48.0,M,37,92.51,Premium,5,0,0
83,65.0,F,32,106.16,Básico,9,0,0
84,32.0,F,56,152.65,Padrão,1,1,0
85,25.0,F,41,180.55,Padrão,7,1,1
86,31.0,Outro,59,130.72,Premium,9,0,0
87,40.0,M,3,96.46,Padrão,8,1,1
88,,M,28,100.05,Básico,4,1,0
89,38.0,Outro,10,148.16,Básico,9,0,0
90,33.0,M,51,30.45,Padrão,3,0,0
91,62.0,F,35,135.23,Premium,5,1,0
92,35.0,F,29,90.33,Básico,7,0,1
93,64.0,F,54,164.91,Básico,2,0,0
94,,M,15,45.71,Premium,9,0,0
95,43.0,F,33,129.89,Premium,0,0,0
96,42.0,Outro,7,111.67,Premium,3,1,0
97,62.0,Outro,12,139.1,Padrão,3,0,0
98,58.0,M,49,40.93,Básico,0,1,0
99,46.0,Outro,30,128.5,Padrão,8,1,1
100,32.0,Outro,21,125.35,Padrão,2,1,0
101,62.0,M,31,125.21,Básico,4,0,0
102,18.0,F,58,132.49,Padrão,5,0,0
103,42.0,F,24,144.9,Padrão,7,0,1
104,24.0,F,20,166.75,Básico,5,0,0
105,26.0,M,37,75.77,Padrão,2,1,1
106,41.0,Outro,4,170.16,Padrão,5,0,1
107,18.0,F,28,114.6,Premium,0,0,0
108,61.0,F,44,43.0,Básico,3,0,0
109,25.0,M,20,39.85,Básico,5,1,0
110,41.0,F,24,86.72,Padrão,6,1,1
111,28.0,M,50,163.33,Básico,9,0,1
112,68.0,Outro,49,150.21,Padrão,2,1,1
113,,M,51,163.96,Padrão,8,0,1
114,25.0,M,32,117.84,Básico,6,0,0
115,52.0,M,41,104.73,Padrão,0,1,0
116,52.0,M,36,54.97,Padrão,1,0,0
117,50.0,Outro,58,85.69,Básico,0,1,0
118,22.0,Outro,53,103.68,Premium,8,0,0
119,59.0,F,34,44.96,Premium,8,0,1
120,56.0,Outro,36,67.4,Padrão,6,1,1
121,58.0,Outro,2,131.6,Padrão,9,0,0
122,45.0,F,15,154.96,Padrão,2,1,1
123,24.0,Outro,34,199.62,Premium,4,1,1
124,26.0,M,36,188.53,Padrão,3,0,1
125,25.0,M,6,139.14,Padrão,6,0,1
126,29.0,F,39,101.51,Premium,8,0,1
127,51.0,F,42,138.05,Básico,1,0,0
128,50.0,F,51,163.46,Premium,7,0,1
129,65.0,M,51,50.02,Básico,8,0,0
130,40.0,Outro,58,99.58,Básico,9,0,0
131,41.0,M,54,172.67,Básico,9,0,1
132,54.0,F,12,95.15,Premium,8,1,1
133,52.0,Outro,3,127.12,Premium,9,1,1
134,61.0,Outro,45,129.82,Padrão,6,1,0
135,57.0,M,18,61.26,Padrão,8,0,0
136,39.0,F,40,91.48,Padrão,8,1,1
137,44.0,M,21,86.77,Premium,2,0,0
138,52.0,Outro,15,34.35,Padrão,3,1,0
139,18.0,M,33,34.01,Básico,1,1,0
140,52.0,M,35,171.29,Básico,9,0,1
141,54.0,F,26,76.32,Padrão,2,0,0
142,64.0,F,8,117.97,Padrão,4,1,0
143,31.0,Outro,36,80.68,Básico,4,1,1
144,20.0,M,48,189.82,Básico,5,1,0
145,18.0,M,30,73.98,Premium,6,0,0
146,22.0,M,23,102.94,Básico,6,0,1
147,43.0,Outro,42,178.26,Padrão,0,0,1
148,31.0,Outro,44,173.03,Premium,1,1,0
149,56.0,F,14,61.54,Padrão,8,0,0
150,44.0,F,14,166.35,Básico,9,1,1
151,26.0,F,2,107.79,Padrão,1,0,0
152,32.0,M,55,112.0,Premium,5,0,0
153,32.0,M,37,52.59,Padrão,0,0,0
154,43.0,F,5,43.6,Premium,2,1,0
155,59.0,M,38,153.65,Básico,1,0,1
156,30.0,F,45,114.3,Padrão,2,0,0
157,68.0,Outro,41,104.16,Padrão,4,0,0
158,49.0,F,54,153.92,Premium,9,0,0
159,56.0,Outro,47,160.04,Básico,5,0,0
160,66.0,M,14,56.91,Premium,8,1,1
161,69.0,F,56,133.64,Padrão,9,0,0
162,49.0,M,39,52.91,Básico,3,0,0
163,21.0,Outro,25,157.63,Básico,6,1,1
164,47.0,Outro,20,141.58,Premium,5,1,0
165,54.0,Outro,2,192.52,Básico,1,0,1
166,40.0,M,39,41.62,Básico,9,0,0
167,56.0,M,6,39.6,Básico,7,1,0
168,62.0,M,17,77.87,Premium,6,1,1
169,32.0,M,59,74.39,Padrão,6,1,0
170,,Outro,25,71.89,Padrão,7,0,1
171,46.0,Outro,57,183.96,Básico,0,0,0
172,53.0,F,28,72.32,Padrão,0,1,0
173,30.0,F,2,76.13,Padrão,7,0,1
174,49.0,M,35,159.0,Premium,3,0,1
175,24.0,Outro,37,106.36,Premium,4,1,0
176,68.0,Outro,5,161.94,Básico,7,0,1
177,39.0,Outro,1,41.01,Padrão,4,0,0
178,45.0,F,40,112.79,Básico,9,0,1
179,19.0,F,12,35.61,Padrão,3,0,0
180,59.0,Outro,56,40.55,Básico,5,0,0
181,62.0,Outro,36,183.99,Básico,4,1,1
182,23.0,Outro,45,53.57,Básico,6,0,0
183,45.0,F,23,120.41,Padrão,9,0,0
184,,Outro,47,99.79,Básico,6,1,1
185,61.0,Outro,31,88.95,Padrão,3,0,0
186,61.0,M,11,182.87,Padrão,4,0,0
187,37.0,M,10,33.61,Básico,2,1,1
188,47.0,F,3,142.74,Padrão,3,1,1
189,28.0,Outro,54,193.68,Básico,3,0,0
190,45.0,Outro,14,125.13,Padrão,2,1,0
191,42.0,M,16,189.16,Padrão,9,0,1
192,56.0,F,10,38.78,Básico,4,1,0
193,50.0,M,29,101.09,Básico,4,0,0
194,18.0,M,10,74.13,Básico,6,1,0
195,44.0,M,12,154.14,Premium,3,0,1
196,69.0,M,30,196.72,Padrão,3,0,1
197,30.0,Outro,41,73.51,Padrão,8,0,0
198,58.0,Outro,1,141.11,Padrão,5,0,0
199,20.0,M,5,63.58,Básico,3,1,0
200,56.0,F,20,126.01,Padrão,1,0,0
201,23.0,F,8,108.77,Padrão,5,0,0
202,25.0,F,43,195.14,Básico,1,0,0
203,44.0,F,12,133.35,Básico,4,0,0
204,26.0,M,1,89.32,Básico,5,1,0
205,54.0,Outro,57,49.3,Padrão,3,1,0
206,50.0,F,54,55.61,Premium,2,0,0
207,68.0,M,20,68.2,Básico,6,1,0
208,59.0,F,28,72.56,Padrão,1,1,1
209,61.0,F,57,174.5,Básico,5,0,0
210,41.0,M,43,125.31,Premium,3,0,0
211,32.0,Outro,37,118.88,Básico,5,1,0
212,49.0,Outro,47,49.41,Padrão,3,0,0
213,,M,37,176.12,Padrão,3,1,1
214,41.0,Outro,12,152.78,Padrão,3,0,0
215,58.0,M,37,41.4,Padrão,8,0,1
216,69.0,M,49,150.23,Básico,6,0,1
217,66.0,M,49,122.3,Básico,2,0,0
218,66.0,Outro,56,43.79,Básico,2,1,0
219,69.0,M,44,107.81,Básico,5,0,0
220,29.0,F,56,112.3,Padrão,5,0,0
221,56.0,Outro,28,58.08,Básico,3,1,0
222,19.0,Outro,47,190.67,Básico,8,0,0
223,20.0,Outro,15,174.4,Padrão,3,0,0
224,66.0,Outro,6,143.63,Premium,8,1,1
225,54.0,F,44,108.49,Padrão,3,1,0
226,66.0,Outro,59,99.9,Básico,1,0,0
227,34.0,Outro,20,,Básico,1,0,0
228,66.0,M,50,122.62,Premium,4,0,0
229,19.0,Outro,14,40.49,Básico,3,0,0
230,19.0,F,2,117.03,Básico,6,0,0
231,45.0,F,9,166.99,Padrão,4,0,0
232,40.0,F,37,107.97,Padrão,5,0,0
233,54.0,F,20,38.73,Padrão,9,0,0
234,49.0,Outro,26,163.57,Básico,3,0,0
235,50.0,Outro,29,64.13,Básico,1,0,0
236,18.0,F,1,73.87,Premium,9,1,1
237,36.0,F,55,57.9,Básico,8,1,1
238,19.0,Outro,35,86.04,Padrão,9,0,1
239,61.0,F,6,158.55,Padrão,6,0,1
240,43.0,M,37,118.2,Padrão,3,0,0
241,49.0,F,53,64.73,Básico,2,0,0
242,23.0,F,59,179.13,Básico,9,0,1
243,49.0,M,5,179.43,Padrão,2,0,0
244,21.0,M,33,177.9,Premium,8,0,1
245,28.0,Outro,49,70.5,Premium,4,1,0
246,34.0,Outro,51,106.61,Básico,2,0,0
247,,M,14,197.35,Básico,4,0,0
248,41.0,M,12,161.14,Premium,1,1,1
249,22.0,Outro,42,34.52,Padrão,3,0,0
250,69.0,F,20,40.98,Premium,9,0,0
251,51.0,M,53,108.77,Básico,1,0,0
252,23.0,Outro,50,,Padrão,1,0,0
253,39.0,F,24,121.48,Padrão,7,1,0
254,28.0,M,59,114.53,Padrão,0,0,0
255,65.0,F,43,47.83,Padrão,6,0,0
256,33.0,Outro,34,141.55,Básico,4,0,0
257,50.0,M,25,169.66,Padrão,7,0,1
258,26.0,F,50,94.57,Básico,0,1,0
259,23.0,M,29,161.75,Padrão,6,1,1
260,33.0,F,57,193.86,Premium,4,0,0
261,46.0,Outro,39,,Básico,3,0,0
262,20.0,Outro,31,118.87,Premium,6,0,0
263,37.0,M,56,78.71,Básico,9,1,1
264,53.0,F,47,164.69,Padrão,1,0,0
265,36.0,M,43,128.09,Premium,0,0,0
266,43.0,M,50,137.78,Básico,0,0,0
267,20.0,F,23,165.55,Básico,0,0,0
268,36.0,F,44,97.21,Padrão,4,0,0
269,37.0,F,38,185.47,Básico,9,0,1
270,49.0,Outro,20,120.51,Padrão,6,0,1
271,24.0,M,23,56.75,Premium,1,0,0
272,69.0,M,45,148.2,Padrão,9,0,0
273,58.0,Outro,52,164.75,Básico,7,1,1
274,50.0,F,16,83.75,Padrão,3,0,0
275,57.0,Outro,50,175.62,Padrão,2,0,0
276,56.0,Outro,42,183.94,Básico,9,0,0
277,35.0,Outro,55,76.97,Padrão,7,0,1
278,57.0,M,8,197.1,Padrão,1,0,1
279,18.0,Outro,50,53.82,Padrão,2,1,0
280,28.0,M,21,64.24,Básico,2,0,0
281,45.0,M,1,61.22,Padrão,9,1,1
282,42.0,M,55,181.88,Básico,0,0,0
283,67.0,F,8,141.13,Básico,5,0,0
284,40.0,M,29,55.76,Premium,1,0,0
285,48.0,M,32,104.75,Padrão,0,0,0
286,47.0,F,38,134.5,Básico,1,1,1
287,59.0,M,5,44.09,Básico,5,1,0
288,52.0,Outro,47,179.91,Básico,3,1,0
289,24.0,Outro,22,166.51,Básico,5,1,1
290,,M,47,115.79,Básico,8,1,0
291,43.0,F,34,194.31,Básico,9,0,1
292,65.0,Outro,1,100.92,Padrão,9,0,0
293,69.0,F,55,197.2,Padrão,7,0,1
294,66.0,F,55,143.45,Padrão,0,0,0
295,19.0,Outro,26,137.79,Padrão,7,1,1
296,18.0,F,43,58.11,Básico,8,0,1
297,65.0,Outro,10,179.83,Premium,5,0,0
298,,F,30,102.57,Premium,9,0,1
299,22.0,Outro,50,57.48,Premium,4,0,0
300,54.0,M,18,32.04,Premium,5,0,0
301,49.0,Outro,17,125.06,Premium,5,0,0
302,26.0,Outro,26,119.56,Padrão,8,0,0
303,58.0,Outro,8,152.19,Básico,3,0,1
304,52.0,Outro,47,181.24,Padrão,1,0,0
305,36.0,F,40,43.4,Padrão,8,0,1
306,65.0,M,49,154.25,Padrão,1,0,1
307,33.0,Outro,12,61.76,Padrão,9,0,1
308,,F,27,175.79,Básico,8,0,1
309,37.0,M,8,169.14,Básico,1,0,0
310,41.0,M,25,,Premium,7,0,0
311,50.0,M,46,150.64,Padrão,8,0,1
312,41.0,M,4,83.34,Padrão,9,0,1
313,69.0,Outro,33,110.0,Básico,8,0,0
314,28.0,Outro,1,169.58,Básico,9,0,1
315,66.0,F,19,107.98,Premium,8,1,1
316,25.0,F,31,90.73,Padrão,1,0,0
317,53.0,F,16,113.92,Padrão,3,1,0
318,55.0,M,14,170.7,Padrão,6,0,1
319,57.0,M,53,86.89,Padrão,1,0,0
320,37.0,Outro,48,59.44,Básico,0,0,0
321,,M,5,150.94,Padrão,2,0,0
322,,M,41,170.32,Padrão,3,0,0
323,42.0,M,26,47.01,Padrão,7,0,1
324,,F,28,70.68,Padrão,5,0,0
325,42.0,F,2,54.04,Premium,1,0,0
326,46.0,Outro,50,89.05,Básico,8,0,0
327,35.0,M,6,106.46,Premium,1,0,0
328,63.0,M,9,157.2,Básico,4,0,0
329,35.0,Outro,33,140.6,Padrão,3,0,0
330,19.0,M,41,135.46,Básico,6,1,1
331,52.0,M,25,89.8,Básico,7,1,1
332,33.0,F,48,172.95,Padrão,4,1,1
333,58.0,Outro,13,110.02,Básico,9,0,0
334,53.0,Outro,9,196.35,Padrão,4,1,0
335,50.0,Outro,53,137.7,Premium,1,1,0
336,21.0,Outro,13,51.37,Básico,7,0,0
337,50.0,F,31,144.85,Padrão,1,0,0
338,31.0,F,41,85.17,Padrão,9,1,1
339,38.0,M,11,146.58,Padrão,5,0,0
340,65.0,M,4,41.74,Básico,7,0,1
341,37.0,M,34,59.63,Básico,5,0,0
342,25.0,M,38,175.38,Básico,3,0,1
343,24.0,F,46,68.52,Básico,3,1,0
344,20.0,Outro,4,172.2,Básico,5,0,1
345,34.0,F,38,77.38,Padrão,3,0,0
346,,M,19,139.19,Premium,7,0,0
347,65.0,F,6,,Premium,8,0,0
348,,Outro,34,117.05,Padrão,0,0,0
349,68.0,Outro,18,81.8,Básico,3,0,0
350,39.0,F,13,66.05,Básico,3,1,0
351,39.0,F,41,35.54,Básico,1,0,0
352,63.0,F,23,81.57,Básico,5,0,0
353,,M,19,140.94,Padrão,2,0,0
354,55.0,F,45,189.41,Padrão,6,0,1
355,55.0,F,11,178.0,Básico,4,1,1
356,62.0,F,1,160.13,Básico,3,1,1
357,68.0,Outro,24,163.94,Premium,4,1,1
358,,Outro,54,142.95,Padrão,7,0,0
359,44.0,M,7,74.15,Básico,2,0,0
360,44.0,M,25,184.12,Premium,6,0,1
361,,Outro,21,143.92,Premium,5,0,0
362,38.0,Outro,15,125.17,Básico,0,1,0
363,47.0,Outro,1,48.77,Básico,6,1,1
364,50.0,F,12,105.9,Padrão,6,1,0
365,45.0,F,58,108.16,Premium,0,1,0
366,64.0,Outro,7,176.88,Premium,8,1,1
367,50.0,F,15,122.83,Básico,5,0,0
368,22.0,F,21,,Básico,1,0,0
369,65.0,M,19,195.96,Padrão,4,0,0
370,36.0,Outro,29,48.72,Padrão,3,0,0
371,21.0,Outro,25,101.73,Básico,6,0,0
372,52.0,F,33,37.04,Premium,7,0,0
373,66.0,Outro,49,155.68,Padrão,0,1,1
374,34.0,M,32,185.97,Premium,4,0,1
375,61.0,M,49,77.51,Premium,2,1,0
376,45.0,M,35,175.82,Padrão,0,1,1
377,47.0,Outro,44,79.58,Padrão,2,0,0
378,46.0,Outro,38,184.73,Padrão,5,0,0
379,63.0,Outro,26,158.07,Básico,6,0,0
380,23.0,Outro,11,166.73,Padrão,7,1,1
381,52.0,Outro,35,32.96,Básico,3,1,1
382,58.0,M,8,193.58,Padrão,2,1,0
383,54.0,F,46,153.43,Básico,4,0,0
384,41.0,M,14,81.71,Básico,8,0,1
385,46.0,Outro,10,170.9,Básico,5,0,1
386,66.0,M,2,77.76,Básico,8,1,1
387,63.0,Outro,46,178.27,Padrão,5,0,0
388,48.0,Outro,9,49.04,Padrão,1,0,0
389,52.0,M,3,149.53,Padrão,4,0,0
390,50.0,Outro,21,121.82,Básico,8,0,0
391,69.0,F,26,46.31,Básico,7,0,0
392,38.0,Outro,8,71.02,Básico,6,0,0
393,49.0,F,48,32.01,Básico,0,0,0
394,40.0,F,2,109.59,Premium,3,0,0
395,50.0,Outro,6,81.12,Básico,6,1,1
396,20.0,M,28,131.62,Básico,6,1,0
397,35.0,F,53,80.43,Básico,5,0,0
398,42.0,M,29,,Básico,7,1,1
399,59.0,F,26,156.24,Padrão,5,0,0
400,48.0,Outro,25,38.08,Padrão,9,0,1
401,20.0,Outro,12,183.39,Básico,2,1,0
402,,F,5,174.78,Básico,3,1,1
403,63.0,Outro,34,143.43,Básico,2,1,0
404,41.0,F,48,130.75,Básico,0,0,0
405,67.0,Outro,37,181.59,Básico,9,0,1
406,49.0,M,15,61.41,Premium,4,1,0
407,64.0,Outro,44,43.32,Padrão,0,0,0
408,39.0,M,36,70.62,Padrão,0,0,0
409,40.0,Outro,15,164.98,Padrão,1,1,1
410,19.0,M,43,35.79,Padrão,3,1,0
411,44.0,Outro,48,128.98,Padrão,5,1,0
412,59.0,M,23,199.12,Padrão,7,0,1
413,19.0,F,6,175.37,Padrão,2,1,0
414,43.0,F,46,118.55,Básico,0,0,0
415,34.0,M,50,40.72,Padrão,2,0,0
416,57.0,Outro,44,171.23,Padrão,2,0,0
417,50.0,M,59,131.73,Premium,4,0,0
418,26.0,Outro,43,49.44,Padrão,3,0,0
419,60.0,F,45,45.86,Padrão,3,0,0
420,65.0,Outro,21,184.54,Básico,8,0,1
421,56.0,F,23,143.66,Padrão,6,0,0
422,46.0,Outro,43,170.88,Básico,3,0,0
423,59.0,Outro,55,179.33,Básico,2,0,0
424,43.0,Outro,16,,Básico,5,0,0
425,52.0,M,47,117.87,Padrão,2,1,0
426,67.0,M,53,103.07,Básico,5,1,0
427,42.0,F,15,83.78,Básico,8,0,0
428,41.0,F,25,103.78,Premium,5,1,0
429,30.0,M,36,161.46,Básico,3,0,0
430,24.0,F,11,132.23,Padrão,4,0,0
431,,M,51,181.63,Padrão,5,1,1
432,62.0,Outro,15,105.27,Básico,2,0,0
433,37.0,F,4,133.11,Padrão,7,1,1
434,18.0,F,21,137.22,Básico,3,0,0
435,25.0,M,13,130.49,Padrão,7,1,1
436,63.0,F,22,149.35,Padrão,9,0,0
437,33.0,F,19,70.26,Padrão,9,0,0
438,31.0,Outro,34,117.0,Padrão,2,0,0
439,29.0,F,14,47.62,Básico,9,1,1
440,68.0,Outro,4,95.27,Básico,6,0,1
441,40.0,M,48,112.8,Padrão,8,1,1
442,32.0,F,53,140.78,Padrão,3,0,0
443,45.0,Outro,52,191.49,Premium,7,0,0
444,,M,46,132.01,Premium,2,0,0
445,19.0,F,27,156.31,Premium,6,0,1
446,49.0,M,29,115.97,Padrão,2,1,0
447,40.0,F,47,137.7,Básico,6,0,0
448,39.0,M,28,41.96,Padrão,9,0,1
449,68.0,M,35,73.15,Padrão,9,0,1
450,42.0,Outro,8,91.42,Básico,5,0,0
451,,M,16,110.22,Premium,1,1,0
452,39.0,F,42,37.66,Premium,2,0,0
453,66.0,F,36,53.7,Padrão,5,0,0
454,69.0,Outro,30,76.96,Básico,3,1,0
455,59.0,F,18,195.06,Básico,5,1,1
456,23.0,F,2,86.23,Premium,0,0,0
457,32.0,F,49,111.85,Premium,9,0,1
458,60.0,M,13,,Básico,0,0,0
459,54.0,M,4,133.73,Básico,2,0,0
460,50.0,F,26,77.62,Premium,7,1,1
461,25.0,Outro,25,65.09,Básico,7,0,0
462,61.0,M,30,117.72,Padrão,3,0,0
463,61.0,Outro,11,30.84,Premium,5,0,0
464,22.0,F,7,31.2,Básico,7,0,0
465,56.0,F,31,67.14,Padrão,6,0,0
466,21.0,M,44,36.14,Básico,6,0,1
467,23.0,F,10,48.26,Básico,3,0,0
468,62.0,M,39,87.51,Premium,8,0,0
469,49.0,F,13,166.34,Padrão,9,0,1
470,69.0,F,31,127.15,Premium,5,0,0
471,47.0,M,7,117.05,Padrão,2,0,0
472,64.0,M,56,79.79,Básico,4,0,0
473,52.0,M,49,188.3,Básico,4,0,0
474,57.0,F,42,97.39,Básico,4,0,0
475,69.0,F,42,44.71,Básico,7,0,0
476,33.0,Outro,56,134.8,Básico,8,0,1
477,30.0,M,36,49.25,Básico,8,1,1
478,67.0,F,20,88.59,Padrão,5,1,0
479,59.0,F,4,,Padrão,5,1,1
480,47.0,M,54,178.52,Padrão,8,0,1
481,36.0,Outro,7,113.8,Padrão,3,1,0
482,34.0,M,54,149.28,Básico,5,0,0
483,36.0,Outro,1,198.68,Básico,3,0,1
484,45.0,F,44,52.25,Padrão,0,0,0
485,43.0,Outro,56,76.6,Padrão,6,1,1
486,,F,45,96.98,Básico,9,0,1
487,43.0,M,42,101.61,Premium,5,0,0
488,40.0,M,47,99.77,Padrão,8,1,1
489,26.0,M,59,184.19,Padrão,6,1,1
490,29.0,Outro,13,151.29,Básico,6,0,1
491,18.0,F,55,133.24,Padrão,1,0,0
492,18.0,M,22,82.49,Padrão,8,0,1
493,64.0,M,54,169.94,Padrão,9,1,1
494,51.0,F,21,192.26,Padrão,8,0,1
495,49.0,M,22,169.5,Premium,5,0,0
496,65.0,F,28,30.17,Padrão,2,1,0
497,42.0,F,9,138.09,Básico,0,0,0
498,57.0,F,26,38.59,Padrão,3,0,0
499,62.0,F,9,73.69,Padrão,2,0,0
500,,F,15,40.02,Padrão,0,0,0
501,33.0,Outro,10,132.55,Básico,2,0,0
502,56.0,M,24,146.62,Básico,3,0,0
503,22.0,Outro,58,49.36,Premium,7,0,0
504,39.0,M,57,95.15,Padrão,8,0,1
505,46.0,Outro,42,107.46,Premium,2,0,0
506,20.0,F,8,92.64,Padrão,5,1,0
507,29.0,M,24,50.47,Padrão,9,1,0
508,43.0,M,16,101.12,Padrão,4,0,0
509,33.0,Outro,49,157.6,Premium,5,0,0
510,68.0,Outro,26,41.97,Padrão,3,0,0
511,54.0,M,27,,Padrão,9,1,1
512,,Outro,37,90.21,Básico,5,0,0
513,46.0,Outro,4,189.99,Padrão,6,1,1
514,31.0,Outro,50,143.56,Padrão,8,0,0
515,45.0,F,24,145.27,Básico,9,1,1
516,22.0,F,19,91.43,Básico,6,1,1
517,64.0,Outro,36,130.82,Básico,5,1,1
518,66.0,Outro,39,31.62,Básico,0,0,0
519,47.0,F,10,138.04,Básico,1,0,0
520,63.0,F,25,185.16,Padrão,0,0,0
521,69.0,M,18,134.04,Premium,8,0,1
522,22.0,M,19,178.43,Padrão,9,0,1
523,29.0,F,36,,Básico,9,0,1
524,33.0,Outro,10,50.39,Básico,8,0,1
525,43.0,Outro,33,183.32,Padrão,6,0,1
526,43.0,Outro,55,41.2,Básico,1,0,0
527,65.0,Outro,50,120.67,Premium,5,0,0
528,38.0,M,5,54.06,Padrão,3,1,0
529,56.0,F,47,31.89,Padrão,0,0,0
530,53.0,Outro,49,101.65,Básico,0,0,0
531,50.0,M,35,80.06,Padrão,4,0,0
532,47.0,Outro,44,112.52,Básico,1,1,0
533,54.0,F,34,128.02,Premium,3,0,0
534,40.0,M,33,37.34,Padrão,0,0,0
535,27.0,F,55,50.81,Básico,3,0,0
536,22.0,F,21,124.87,Básico,5,0,0
537,53.0,M,17,88.24,Básico,9,0,0
538,51.0,M,22,153.86,Padrão,3,1,0
539,69.0,M,48,140.79,Básico,0,1,0
540,48.0,M,37,,Padrão,6,0,1
541,27.0,M,15,147.62,Básico,1,0,0
542,36.0,M,35,102.99,Padrão,8,0,1
543,49.0,M,28,144.3,Premium,2,0,0
544,18.0,Outro,7,76.71,Padrão,7,0,1
545,22.0,F,32,81.97,Padrão,7,0,0
546,62.0,M,11,164.03,Básico,2,1,1
547,21.0,Outro,10,105.79,Básico,3,1,1
548,33.0,Outro,9,165.62,Padrão,1,0,1
549,41.0,Outro,14,169.71,Básico,3,0,0
550,33.0,F,13,175.69,Padrão,8,0,1
551,19.0,M,57,185.73,Básico,1,0,0
552,66.0,Outro,25,103.17,Básico,2,0,0
553,45.0,F,2,84.11,Básico,3,0,0
554,49.0,F,35,128.87,Premium,4,1,0
555,44.0,F,7,93.0,Básico,0,1,0
556,37.0,Outro,21,132.08,Padrão,6,0,0
557,41.0,M,18,149.85,Básico,9,0,0
558,29.0,Outro,3,146.93,Padrão,6,0,1
559,67.0,Outro,42,93.57,Básico,8,0,1
560,52.0,M,54,58.27,Premium,3,0,0
561,50.0,M,39,103.09,Premium,5,0,0
562,50.0,M,41,54.14,Básico,1,0,0
563,68.0,F,49,181.22,Premium,3,0,0
564,60.0,M,11,88.7,Premium,1,1,0
565,54.0,Outro,39,56.16,Premium,9,0,0
566,29.0,M,24,34.23,Premium,4,0,0
567,20.0,Outro,46,139.69,Básico,6,0,0
568,18.0,F,19,138.17,Padrão,0,0,0
569,50.0,Outro,4,,Básico,9,0,1
570,57.0,Outro,26,42.09,Básico,9,1,0
571,27.0,M,38,99.54,Premium,6,1,1
572,60.0,M,42,82.81,Básico,9,0,0
573,61.0,Outro,32,145.01,Padrão,5,0,0
574,46.0,M,39,132.88,Premium,5,0,0
575,30.0,F,45,91.88,Premium,7,0,0
576,29.0,F,46,66.94,Premium,7,1,1
577,48.0,M,36,197.87,Básico,5,0,0
578,63.0,F,40,107.08,Básico,2,0,0
579,19.0,M,37,146.91,Padrão,4,0,0
580,68.0,Outro,33,53.79,Básico,1,0,0
581,67.0,Outro,36,112.45,Básico,4,1,1
582,52.0,F,3,34.58,Básico,8,0,1
583,40.0,M,9,115.83,Padrão,9,1,1
584,34.0,M,8,193.78,Padrão,0,0,0
585,43.0,F,33,95.22,Básico,9,1,1
586,,Outro,59,36.53,Padrão,4,0,0
587,46.0,F,6,35.16,Básico,5,0,0
588,43.0,Outro,41,95.86,Básico,6,1,1
589,27.0,M,39,57.1,Padrão,8,0,0
590,43.0,Outro,4,33.87,Padrão,5,0,0
591,51.0,F,13,158.46,Padrão,4,0,0
592,68.0,M,49,107.85,Básico,6,1,1
593,58.0,F,2,79.07,Premium,0,0,0
594,24.0,F,5,182.91,Padrão,4,1,1
595,21.0,Outro,44,49.64,Padrão,1,0,0
596,67.0,F,27,,Padrão,3,0,0
597,62.0,Outro,32,83.27,Premium,6,1,1
598,28.0,M,21,180.93,Padrão,4,0,1
599,46.0,Outro,8,132.4,Padrão,5,1,1
600,53.0,M,38,170.44,Premium,1,1,1
601,42.0,Outro,8,197.18,Padrão,2,0,0
602,38.0,F,50,78.93,Padrão,6,0,1
603,53.0,Outro,3,193.29,Padrão,1,0,0
604,27.0,Outro,54,96.11,Básico,5,1,0
605,54.0,M,44,95.44,Básico,4,1,0
606,26.0,F,58,87.77,Padrão,9,0,1
607,41.0,Outro,3,121.94,Premium,0,0,0
608,52.0,F,22,56.1,Premium,9,0,1
609,66.0,Outro,6,124.03,Básico,3,1,0
610,52.0,Outro,2,121.99,Padrão,1,0,0
611,65.0,F,23,159.42,Básico,3,0,0
612,53.0,Outro,44,171.62,Premium,0,0,0
613,35.0,F,2,104.78,Premium,1,1,0
614,66.0,Outro,38,81.3,Padrão,7,0,1
615,56.0,M,17,73.99,Premium,5,0,0
616,49.0,F,35,62.99,Padrão,1,0,0
617,41.0,Outro,34,39.7,Padrão,5,0,0
618,40.0,Outro,23,88.12,Básico,9,1,1
619,49.0,M,30,75.84,Padrão,8,1,1
620,,F,52,194.19,Padrão,6,0,0
621,29.0,Outro,8,124.71,Padrão,8,0,0
622,66.0,M,22,88.94,Básico,4,0,0
623,30.0,Outro,44,128.58,Premium,6,0,0
624,40.0,F,58,53.56,Básico,6,1,1
625,42.0,Outro,36,105.39,Padrão,2,0,0
626,52.0,Outro,5,136.36,Padrão,6,0,0
627,,Outro,13,113.01,Padrão,0,0,0
628,47.0,Outro,29,98.2,Padrão,8,0,1
629,34.0,M,31,198.85,Básico,9,0,1
630,66.0,M,47,179.55,Básico,5,0,0
631,37.0,F,57,135.88,Padrão,4,0,0
632,65.0,M,55,126.69,Padrão,6,1,1
633,42.0,M,16,135.41,Básico,4,0,0
634,39.0,F,42,64.12,Padrão,9,0,1
635,30.0,M,30,97.07,Padrão,4,1,0
636,36.0,M,57,36.61,Padrão,9,0,1
637,66.0,F,55,110.74,Premium,6,1,1
638,53.0,F,16,122.21,Básico,9,0,0
639,29.0,F,12,68.62,Básico,6,0,1
640,58.0,Outro,17,193.78,Padrão,2,0,0
641,36.0,Outro,16,184.51,Padrão,2,0,1
642,29.0,F,12,152.66,Padrão,9,0,0
643,26.0,F,8,120.58,Premium,2,1,0
644,24.0,F,20,177.79,Premium,5,0,0
645,45.0,Outro,3,52.11,Premium,5,0,0
646,31.0,Outro,16,164.29,Padrão,2,0,0
647,48.0,M,30,51.12,Padrão,2,0,0
648,69.0,M,45,164.92,Padrão,7,0,1
649,36.0,F,23,76.78,Básico,7,0,0
650,64.0,Outro,28,179.01,Padrão,6,1,1
651,33.0,Outro,51,190.39,Básico,9,1,1
652,,Outro,40,,Premium,3,0,0
653,52.0,F,54,108.55,Padrão,3,0,0
654,29.0,M,5,196.67,Padrão,2,1,1
655,42.0,F,20,112.08,Básico,4,1,0
656,69.0,M,40,176.7,Básico,2,0,0
657,38.0,M,56,129.98,Básico,7,1,1
658,53.0,F,44,93.71,Padrão,6,0,0
659,40.0,M,1,78.48,Básico,2,1,1
660,33.0,M,57,64.45,Padrão,8,0,0
661,56.0,Outro,30,159.41,Premium,4,0,0
662,62.0,M,21,95.61,Premium,8,1,1
663,59.0,F,20,116.82,Padrão,6,0,1
664,56.0,F,6,113.6,Básico,6,0,1
665,31.0,M,22,128.04,Premium,5,0,0
666,48.0,Outro,18,177.05,Premium,1,1,0
667,22.0,Outro,8,196.63,Básico,8,1,1
668,52.0,M,39,99.19,Padrão,5,1,0
669,40.0,M,32,170.58,Básico,7,0,1
670,46.0,F,33,159.87,Premium,0,1,0
671,60.0,M,53,127.4,Premium,4,0,0
672,28.0,Outro,16,192.43,Básico,0,0,1
673,35.0,M,12,63.98,Premium,9,1,1
674,64.0,F,38,48.47,Padrão,7,0,1
675,29.0,F,52,175.07,Premium,7,0,1
676,26.0,F,34,104.56,Padrão,0,0,0
677,27.0,F,14,173.88,Premium,8,0,1
678,61.0,F,36,181.73,Básico,1,1,0
679,34.0,M,33,40.52,Básico,8,0,0
680,55.0,M,23,180.09,Básico,0,1,1
681,24.0,M,50,106.11,Premium,9,0,1
682,63.0,M,45,116.67,Premium,8,0,0
683,30.0,F,2,136.42,Premium,3,0,0
684,57.0,Outro,41,187.39,Premium,8,1,1
685,59.0,M,21,33.15,Básico,6,0,0
686,,Outro,2,110.96,Básico,5,1,1
687,67.0,M,27,146.81,Básico,4,0,0
688,,M,57,152.76,Básico,8,0,1
689,19.0,Outro,9,147.63,Básico,1,0,0
690,,F,1,52.75,Padrão,1,1,1
691,46.0,M,11,80.8,Básico,8,1,1
692,54.0,M,3,90.88,Básico,2,0,0
693,55.0,M,52,166.65,Básico,7,0,1
694,36.0,Outro,23,77.29,Básico,8,0,1
695,25.0,F,26,65.72,Premium,7,1,0
696,65.0,Outro,4,192.67,Padrão,3,0,1
697,62.0,Outro,18,31.41,Premium,0,1,0
698,18.0,F,55,199.53,Padrão,3,1,1
699,39.0,Outro,6,144.96,Básico,8,0,0
700,69.0,F,35,170.74,Padrão,1,1,1
701,34.0,M,22,79.99,Básico,2,0,0
702,,F,43,32.33,Básico,9,0,1
703,42.0,M,15,155.34,Básico,7,0,1
704,62.0,Outro,22,171.7,Básico,5,0,1
705,21.0,Outro,37,,Básico,7,1,1
706,53.0,M,52,54.18,Básico,6,0,1
707,23.0,Outro,42,157.98,Padrão,4,0,0
708,48.0,F,12,,Básico,8,0,1
709,36.0,M,47,141.85,Básico,3,0,0
710,61.0,Outro,49,160.14,Premium,5,0,0
711,56.0,M,42,173.71,Básico,1,0,0
712,44.0,F,38,134.21,Básico,1,0,0
713,27.0,F,18,44.96,Premium,1,1,0
714,43.0,Outro,45,112.8,Básico,9,1,1
715,36.0,F,35,43.1,Básico,6,0,1
716,56.0,M,30,99.18,Padrão,1,1,0
717,20.0,F,24,99.11,Básico,1,0,0
718,62.0,M,42,41.12,Padrão,8,0,1
719,30.0,M,30,89.2,Premium,6,0,1
720,67.0,F,14,48.77,Básico,2,0,0
721,45.0,Outro,6,167.3,Padrão,2,0,0
722,37.0,F,3,191.01,Padrão,6,1,1
723,,M,16,42.19,Básico,4,0,0
724,25.0,M,7,192.27,Padrão,9,1,1
725,58.0,F,52,118.74,Básico,5,0,0
726,56.0,Outro,14,80.83,Padrão,7,1,1
727,18.0,Outro,9,42.97,Básico,8,0,0
728,20.0,M,15,115.01,Padrão,0,0,0
729,30.0,M,21,164.97,Básico,2,0,0
730,45.0,Outro,35,150.1,Premium,6,0,1
731,66.0,F,2,38.44,Básico,5,0,0
732,,M,27,42.29,Padrão,6,1,1
733,50.0,M,2,98.39,Padrão,7,0,1
734,55.0,Outro,35,80.1,Padrão,5,1,1
735,23.0,F,18,69.41,Padrão,2,0,0
736,61.0,Outro,14,77.67,Padrão,1,1,1
737,,F,20,166.49,Padrão,6,0,1
738,49.0,F,18,187.87,Premium,0,0,0
739,,F,10,98.77,Básico,2,1,0
740,64.0,M,25,183.94,Padrão,3,0,0
741,38.0,Outro,2,84.55,Premium,0,0,0
742,33.0,Outro,25,110.89,Premium,4,0,0
743,38.0,F,54,68.32,Premium,9,0,0
744,28.0,M,33,138.78,Básico,2,0,0
745,54.0,M,36,196.33,Básico,1,1,1
746,53.0,Outro,31,132.49,Padrão,2,0,0
747,52.0,M,14,90.73,Padrão,7,0,0
748,36.0,M,1,140.03,Padrão,5,0,0
749,37.0,F,46,50.8,Padrão,6,0,0
750,35.0,M,16,180.97,Premium,5,0,0
751,64.0,F,54,115.42,Básico,5,1,0
752,58.0,Outro,46,106.29,Premium,2,0,0
753,66.0,M,52,129.5,Padrão,7,1,1
754,31.0,Outro,3,136.11,Básico,6,0,1
755,32.0,Outro,35,42.1,Padrão,6,0,0
756,48.0,M,41,145.94,Padrão,5,0,0
757,18.0,M,6,71.03,Básico,4,0,0
758,20.0,Outro,25,,Básico,9,0,1
759,33.0,M,13,169.73,Premium,7,0,1
760,40.0,F,53,166.57,Básico,4,1,1
761,28.0,F,34,123.83,Padrão,8,0,1
762,29.0,M,8,118.33,Padrão,8,1,1
763,27.0,Outro,21,54.19,Padrão,0,0,0
764,49.0,M,34,,Padrão,5,1,1
765,,M,4,76.04,Básico,6,1,1
766,25.0,Outro,25,114.34,Padrão,2,0,0
767,55.0,Outro,15,78.23,Básico,6,1,1
768,29.0,F,4,52.65,Padrão,6,0,0
769,41.0,Outro,45,136.92,Básico,1,1,0
770,,F,12,39.14,Padrão,6,0,0
771,25.0,Outro,32,157.17,Básico,0,0,0
772,45.0,M,32,83.89,Básico,4,1,0
773,53.0,F,28,29.92,Básico,8,0,1
774,43.0,F,13,116.79,Básico,6,0,0
775,25.0,F,31,37.86,Premium,6,1,1
776,67.0,M,14,76.85,Básico,1,0,0
777,45.0,M,20,150.09,Premium,7,0,1
778,,M,18,40.56,Premium,2,0,0
779,54.0,M,29,172.59,Padrão,7,0,1
780,58.0,M,6,30.55,Básico,2,1,1
781,53.0,F,32,71.86,Básico,9,0,1
782,44.0,M,29,155.85,Padrão,6,0,1
783,34.0,F,43,83.67,Básico,1,0,0
784,26.0,M,2,47.22,Básico,3,1,0
785,50.0,Outro,23,91.14,Padrão,5,0,0
786,37.0,F,19,75.87,Premium,8,0,0
787,30.0,Outro,31,173.16,Padrão,4,1,1
788,45.0,F,51,83.17,Básico,8,0,0
789,65.0,Outro,5,164.02,Padrão,4,0,0
790,46.0,M,19,181.52,Básico,9,0,0
791,30.0,M,34,103.65,Básico,7,0,1
792,63.0,M,10,184.59,Premium,0,0,0
793,52.0,F,25,94.04,Básico,6,0,0
794,23.0,Outro,2,193.79,Básico,3,1,0
795,,M,11,45.08,Básico,4,0,0
796,68.0,Outro,50,146.69,Premium,5,1,1
797,22.0,Outro,31,113.85,Padrão,4,0,0
798,64.0,M,56,95.8,Padrão,0,1,0
799,42.0,M,15,137.46,Padrão,8,1,1
800,19.0,Outro,9,149.56,Básico,1,0,0
801,27.0,M,23,30.64,Padrão,8,0,0
802,47.0,M,19,58.28,Básico,9,0,1
803,67.0,M,9,,Básico,1,1,1
804,62.0,F,35,143.19,Padrão,8,1,1
805,22.0,Outro,21,194.13,Premium,5,0,0
806,50.0,Outro,9,159.28,Básico,8,0,1
807,18.0,F,28,191.53,Básico,5,0,0
808,35.0,Outro,46,149.33,Básico,5,1,0
809,49.0,M,51,80.57,Básico,1,0,0
810,64.0,Outro,7,47.81,Premium,7,0,0
811,66.0,M,16,162.81,Padrão,2,0,0
812,28.0,F,16,139.41,Padrão,6,0,0
813,38.0,M,33,,Padrão,4,1,0
814,43.0,Outro,4,91.11,Básico,2,0,0
815,42.0,Outro,4,192.56,Padrão,0,0,1
816,39.0,Outro,39,114.97,Padrão,7,0,0
817,44.0,F,40,103.46,Padrão,2,0,0
818,66.0,F,17,107.71,Premium,1,0,0
819,30.0,Outro,37,65.41,Padrão,0,1,0
820,50.0,M,39,92.58,Básico,3,1,0
821,,F,52,92.77,Premium,7,0,1
822,58.0,Outro,29,38.8,Básico,2,0,0
823,52.0,Outro,52,160.39,Básico,0,1,0
824,18.0,F,36,100.71,Básico,3,0,0
825,38.0,F,38,169.67,Básico,8,0,0
826,65.0,F,39,174.46,Padrão,0,1,1
827,23.0,M,50,65.94,Padrão,1,1,0
828,45.0,M,37,141.65,Premium,8,1,1
829,,Outro,52,110.19,Padrão,1,1,1
830,22.0,F,35,179.53,Padrão,2,1,1
831,48.0,M,7,66.58,Básico,6,0,0
832,22.0,F,27,145.13,Básico,2,0,0
833,55.0,Outro,28,133.22,Padrão,8,0,1
834,20.0,M,22,80.1,Padrão,5,0,0
835,40.0,M,14,53.12,Premium,2,0,0
836,54.0,M,7,140.68,Básico,8,0,0
837,54.0,Outro,37,155.46,Básico,0,0,1
838,27.0,F,22,83.56,Padrão,9,0,1
839,27.0,M,5,139.52,Básico,2,0,0
840,36.0,Outro,55,97.07,Básico,0,0,0
841,34.0,F,2,151.15,Padrão,1,0,1
842,38.0,Outro,27,63.77,Básico,7,1,0
843,31.0,F,21,181.24,Padrão,6,0,1
844,26.0,Outro,54,78.76,Básico,1,0,0
845,63.0,F,38,92.42,Básico,1,1,0
846,18.0,M,15,,Básico,8,0,0
847,68.0,F,21,48.86,Premium,5,0,0
848,62.0,Outro,10,117.6,Básico,4,0,0
849,30.0,Outro,23,75.39,Padrão,9,0,0
850,21.0,F,58,171.93,Básico,5,1,0
851,18.0,M,56,32.4,Padrão,8,0,0
852,66.0,M,39,94.35,Básico,6,0,1
853,57.0,F,5,87.25,Padrão,9,0,0
854,49.0,F,1,,Padrão,9,0,0
855,51.0,Outro,13,51.04,Premium,8,0,0
856,45.0,M,21,100.22,Básico,3,0,0
857,48.0,F,26,113.69,Básico,1,0,0
858,25.0,M,50,98.63,Básico,7,0,1
859,56.0,F,45,120.16,Premium,3,0,0
860,43.0,F,21,131.07,Padrão,8,0,0
861,51.0,M,53,31.59,Padrão,3,0,0
862,20.0,F,18,108.8,Básico,7,1,1
863,67.0,F,37,193.69,Básico,8,0,1
864,29.0,Outro,45,118.14,Básico,8,0,0
865,18.0,F,32,145.08,Premium,9,0,1
866,61.0,F,36,82.92,Padrão,3,0,0
867,22.0,F,17,,Premium,0,1,0
868,47.0,Outro,35,161.3,Básico,2,0,0
869,47.0,M,49,118.52,Padrão,8,1,1
870,34.0,Outro,11,195.82,Padrão,3,0,0
871,65.0,Outro,21,51.24,Básico,4,1,0
872,64.0,M,52,32.78,Premium,6,0,0
873,40.0,Outro,55,160.83,Premium,4,1,1
874,32.0,M,53,167.12,Premium,3,0,0
875,54.0,Outro,26,50.34,Padrão,1,0,0
876,38.0,M,4,75.05,Básico,1,0,0
877,31.0,F,34,32.88,Básico,3,0,0
878,19.0,Outro,52,79.76,Premium,9,1,0
879,28.0,Outro,48,161.33,Básico,9,0,0
880,68.0,Outro,18,117.95,Padrão,8,0,0
881,56.0,Outro,40,89.08,Padrão,7,0,0
882,55.0,F,35,93.1,Padrão,2,0,0
883,51.0,Outro,41,30.13,Premium,8,0,1
884,55.0,F,29,80.87,Básico,4,0,0
885,67.0,F,52,139.8,Básico,2,0,0
886,51.0,F,29,195.51,Básico,4,1,0
887,35.0,F,38,173.9,Padrão,9,0,1
888,47.0,M,42,33.91,Básico,3,0,0
889,32.0,M,21,182.66,Básico,7,1,1
890,44.0,Outro,42,163.04,Premium,4,0,0
891,68.0,M,13,162.56,Premium,9,0,1
892,51.0,M,49,107.76,Básico,7,0,1
893,69.0,Outro,41,97.56,Básico,8,0,1
894,55.0,Outro,17,81.4,Premium,3,0,0
895,50.0,Outro,56,41.07,Básico,6,1,0
896,41.0,M,9,68.7,Básico,1,0,0
897,32.0,M,41,71.82,Básico,5,0,0
898,47.0,Outro,1,112.19,Padrão,7,1,1
899,59.0,F,2,156.97,Básico,6,1,1
900,68.0,Outro,48,110.45,Premium,6,0,1
901,34.0,F,29,39.73,Padrão,7,0,0
902,22.0,F,33,192.72,Padrão,6,0,0
903,46.0,Outro,10,190.16,Básico,4,1,0
904,21.0,Outro,50,163.38,Padrão,6,1,1
905,27.0,Outro,58,198.43,Padrão,9,0,1
906,34.0,M,40,122.46,Padrão,2,0,0
907,27.0,F,21,193.57,Padrão,4,0,0
908,34.0,M,28,42.75,Padrão,6,1,1
909,37.0,M,11,92.07,Premium,8,0,1
910,41.0,Outro,55,68.21,Premium,1,0,0
911,22.0,M,34,63.19,Padrão,3,1,0
912,51.0,Outro,8,53.84,Básico,6,0,1
913,23.0,F,59,135.71,Básico,0,0,0
914,19.0,Outro,22,162.72,Básico,1,0,0
915,30.0,M,8,128.21,Padrão,8,0,0
916,60.0,M,49,54.88,Padrão,9,0,0
917,60.0,Outro,15,167.79,Padrão,6,0,1
918,65.0,Outro,17,138.01,Premium,9,0,1
919,28.0,M,23,95.89,Premium,6,1,1
920,68.0,F,24,144.5,Premium,5,0,0
921,64.0,F,45,74.08,Básico,2,0,0
922,40.0,Outro,19,88.58,Padrão,9,0,0
923,33.0,F,5,185.87,Básico,2,1,1
924,48.0,M,32,79.29,Básico,1,1,0
925,28.0,Outro,44,109.8,Básico,5,0,0
926,33.0,M,1,181.22,Básico,3,0,0
927,25.0,M,23,150.21,Padrão,4,0,0
928,21.0,F,37,40.47,Premium,2,0,0
929,57.0,Outro,8,54.94,Básico,5,0,0
930,21.0,Outro,13,31.23,Padrão,2,1,0
931,42.0,F,8,137.16,Padrão,7,1,1
932,20.0,M,57,106.0,Básico,8,0,1
933,49.0,M,23,52.73,Padrão,3,1,1
934,20.0,M,43,192.75,Básico,8,1,1
935,44.0,M,1,119.94,Padrão,6,0,1
936,46.0,Outro,45,71.02,Padrão,2,0,0
937,49.0,Outro,51,115.0,Básico,6,1,1
938,67.0,F,24,145.44,Básico,0,0,0
939,68.0,F,35,42.86,Padrão,2,1,0
940,36.0,Outro,24,76.6,Premium,5,1,0
941,38.0,Outro,17,167.08,Básico,3,0,0
942,22.0,M,5,108.04,Padrão,6,1,1
943,35.0,M,20,,Padrão,2,1,0
944,45.0,F,21,103.48,Premium,0,0,0
945,59.0,Outro,40,,Premium,8,0,1
946,39.0,F,58,58.08,Padrão,5,0,0
947,38.0,Outro,31,105.64,Padrão,7,0,0
948,23.0,M,46,65.46,Premium,2,0,0
949,18.0,F,36,38.4,Básico,7,0,1
950,22.0,F,11,173.32,Básico,1,0,0
951,58.0,Outro,52,196.7,Básico,3,0,1
952,29.0,M,15,164.73,Premium,2,1,1
953,43.0,F,19,175.04,Premium,9,1,1
954,,M,7,71.04,Básico,0,1,0
955,51.0,F,51,193.21,Padrão,6,0,1
956,66.0,M,28,63.38,Padrão,9,1,1
957,31.0,Outro,51,191.64,Básico,1,1,1
958,43.0,F,43,199.02,Premium,3,0,0
959,62.0,F,58,150.89,Básico,8,0,1
960,44.0,M,5,196.69,Básico,5,0,1
961,26.0,M,5,126.72,Padrão,7,1,1
962,43.0,F,30,,Padrão,1,0,0
963,64.0,Outro,54,104.19,Básico,6,0,0
964,39.0,M,32,130.81,Padrão,5,0,0
965,64.0,M,8,42.32,Padrão,8,0,0
966,47.0,M,10,135.7,Básico,6,0,0
967,60.0,F,38,196.7,Básico,0,0,0
968,65.0,F,47,62.22,Padrão,7,0,1
969,34.0,F,32,,Básico,9,1,1
970,43.0,F,48,184.24,Premium,2,0,1
971,53.0,Outro,28,190.33,Premium,1,0,0
972,18.0,Outro,17,193.12,Premium,2,0,0
973,25.0,F,31,118.55,Básico,5,0,0
974,66.0,Outro,8,196.04,Premium,2,0,0
975,52.0,M,40,158.64,Padrão,9,0,1
976,69.0,M,25,57.38,Básico,4,1,0
977,32.0,M,9,110.97,Básico,5,1,0
978,64.0,F,2,152.02,Básico,7,1,1
979,39.0,M,15,71.95,Padrão,6,0,0
980,31.0,Outro,50,138.8,Padrão,7,0,1
981,43.0,F,3,143.22,Básico,2,1,0
982,45.0,Outro,49,57.56,Padrão,3,0,0
983,40.0,M,36,125.96,Básico,5,0,0
984,,M,4,161.08,Padrão,6,0,1
985,,M,14,114.71,Básico,8,0,0
986,19.0,F,41,31.96,Premium,0,0,0
987,62.0,Outro,41,31.44,Premium,7,1,1
988,43.0,F,25,90.59,Padrão,7,0,0
989,31.0,F,58,187.35,Básico,5,0,0
990,,M,55,68.78,Básico,3,1,0
991,24.0,F,50,137.74,Premium,2,1,1
992,20.0,F,10,67.65,Básico,2,0,0
993,64.0,M,21,84.58,Básico,5,0,0
994,40.0,F,36,174.07,Básico,7,1,1
995,63.0,M,12,153.81,Padrão,6,1,1
996,60.0,M,27,46.12,Padrão,0,0,0
997,64.0,M,40,102.78,Premium,5,1,0
998,62.0,M,2,34.86,Básico,6,0,1
999,35.0,F,54,111.65,Básico,6,0,0
1000,55.0,M,13,142.51,Premium,8,0,0
